"A. Overholt Monongahela Mash Straight Rye Whiskey","","Caramel, subtle layers of sandalwood and caraway","Brown butter, honeysuckle, clove, seasoned oak","Pleasant, lingering notes of warm rich baking spice","A. Overholt official tasting notes"
"Aberlour Double Cask Matured Batch AB16 3-21 16 Year Old Single Malt Scotch Whisky","Warm golden amber","Creamy with sweet raisin aromas and spicy nuttiness","Smooth blend of floral and spicy flavors with sweet plum fruitiness and gentle oak","Gloriously long with warm honeyed spiciness","Specs Online"
"Aberlour Double Charred Selection","<cite index=""4-1"">Rich amber with a coppery sheen</cite>","<cite index=""3-3"">Sweet vanilla, toffee, toasted oak, heather honey, dried vine fruit, chocolate, and cocoa powder</cite>","<cite index=""3-4"">Rich, indulgent, and delicious, with flavors of milk chocolate, brown sugar, vanilla essence, Nutella, gingersnap, toasty oak, and spiced chocolate</cite>","<cite index=""7-15,7-16,7-17"">Long and warming with oak characteristics, sweet and fruity elements slowly fade and add a sugary, almost tropical, juiciness. The gingerbread note then leads with cinnamon and clove</cite>","Whisky Advocate, Whisky for Everyone, Delicando"
"Angel's Envy Bourbon Finished in Port Wine Barrels","Rich amber","Honey, toffee, vanilla, toasted oak, pepper, allspice, rye spice","Brown sugar, toasted oak, a bit of smoke, light fruits, citrus, pepper, rye spice","Medium finish with oak and smokey finish with lingering pepper spice","Secret Whiskey Society"
"Angel's Envy Kentucky Straight Bourbon Whiskey Finished in Tawny Port Casks","Deep amber to burnt orange","Dry fruit and oak; black pepper, toasted nuts, clove and delicate cinnamon spice","Black pepper, toasted nuts, clove and delicate cinnamon spice with a hint of dried apricot","Light and lingering, reminiscent of dried fruit dipped in dark chocolate","Angel's Envy Official"
"Angel's Envy Single Barrel Sherry Cask","Deep mahogany with glints of copper","Dried fruit, caramel, toasted oak, fig, dark chocolate, and spice","Caramel, toffee, vanilla, dark fruit, honey, nuttiness from sherry cask","Long and smooth with lingering oak notes, dried fruit, and gentle spice","De Wine Spot & Bourbon Veach"
"Angels Envy Small Batch Limited Release Kentucky Straight Rye Whiskey","Deep amber","Warm cinnamon and nutmeg spice, toasted vanilla, dried orange peel, and faint cedar-wood nuance","Lively rye spice with honeyed grain, crème brûlée, dried fruit","Long and warming with oak, cinnamon, and soft sweetness","Keg N Bottle / The Barrel Tap"
"Ardbeg Anthology The Harpy's Tale 13 Year Single Malt Scotch","","Very distinctively oily, with touches of extra virgin olive oil, sweet briar wood, aromatic herbs (coriander & sage) and a suggestion of smoked lemon peel","A soft, oily, mouthcoating texture leads into a rich, sweet, smoky palate, with hints of oak moss, treacle, aniseed lozenges and a lovely, sweet, woody/balsamic flavour","","Master of Malt"
"Ardbeg Eureka Single Malt Scotch Whisky","","Juicy red apples and plump cherries with signature smoke and fresh coffee granules","Nut toffee brittle, raisin fudge and dark fruits with salted crispy seaweed","Long and chewy with sweet treacle toffee and burning embers","Ardbeg Official"
"Arran Remnant Renegade Signature Series Edition 1","","Candied orange, baking spices, toffee apples","Liquorice, chestnut honey, touch of spearmint","Long and lingering with orange zest and fresh floral notes","The Whisky Exchange, Hard To Find Whisky"
"Arran Sherry Cask Finish Cask Strength Single Malt","Reddish Amber","Chocolate raisins, mandarins, hint of spice","Cherry cordials, rancio, tinned figs, dark caramel, sultanas","Long and delectable with lingering notes of cocoa and wood","Arran official website and Flaviar"
"Baker's High Rye Bourbon","","<cite index=""1-1"">Charred oak, vanilla, and caramel</cite>","<cite index=""1-1"">Charred oak, brown sweets, and rye spice</cite>","","Beam Distilling"
"Barrell Bourbon 20 Year Old Toasted Single Barrel Bourbon Whiskey","<cite index=""6-5"">Polished cherrywood</cite>","<cite index=""6-6,6-7,6-9,6-10,6-11"">Antique oak furniture, fresh varnish and lemon oil, spice cupboard and warm cola, sourdough toast, cigar tobacco, banana bread, walnuts, creme de menthe, dried coconut</cite>","<cite index=""6-12,6-13"">Warm cola, sweetness and acidity, vintage fernet, thyme, pine needles</cite>","","Barrell Craft Spirits official tasting notes"
"Barrell Craft Spirits 10th Anniversary Blend","Medium-dark amber","Butterscotch, hazelnut liqueur, montmorency cherry, black currant","Honey, nougat, nocino, salmiak; caramel, vanilla, tobacco, allspice","Long, burnt brown sugar, tobacco, no dryness","TIPXY, Mostly Bourbon, Distiller"
"Barrell Craft Spirits Armida","<cite index=""3-1"">Deep Rose Gold</cite>","<cite index=""3-1"">Ripe pear up front | Floral | Light vanilla & caramel in the background | Exceptionally fragrant</cite>","<cite index=""3-1"">Ripe pear | Mix of dark fruits | Anise | Sweet molasses | Baking spices | Rich & full of flavor with a dynamic shift from fruit to sweet-spicy notes</cite>","<cite index=""3-1"">Tobacco | Seasoned oak | Hint of aged oak | Slight dryness | Medium length</cite>","Breaking Bourbon"
"Barrell Craft Spirits Cask Strength Batch 32","Tawny","A wildflower meadow showing dandelion, nasturtium, and fennel","Sugars and oils combined with fine tannin, light astringency, and spicy black peppercorn","Bitter orange peel, fennel seed, and turmeric","Barrell Craft Spirits"
"Barrell Craft Spirits Foundation Bourbon","Golden amber","Honey, candied-strawberry, dark cherry, grilled cantaloupe, lavender, fennel, cocoa, brown butter, cardamom","Creamy and sweet, cinnamon, toffee, vanilla pudding. With water: bananas fosters, citrus zest, lemongrass, orange sherbet","Grilled peaches and hazelnut linger, followed by lemon and lime zest with oily, waxy fruit peel","Barrell Craft Spirits"
"Barrell Craft Spirits Infinite Barrel","","Muskiness akin to tanned leather, preserved citrus, cocoa and toasted spice","Cinnamon candy, turmeric, cacao, singed marshmallow and buckwheat honey with bitters","","The Whiskey Wash (review)"
"Barrell Craft Spirits Private Release","","","","","ERROR: Error: no JSON in the reply. stop_reason=end_turn text=I need to note that Barrell Craft Spirits Private Release is a series with many different individual bottlings, each with unique characteristics. The search results show various releases with differen"
"Barrell Craft Spirits Private Release Whiskey","","","","","ERROR: Error: no JSON in the reply. stop_reason=end_turn text=The search results show that ""Barrell Craft Spirits Private Release Whiskey"" is actually a series with multiple releases, each with different characteristics. Since there's no single standardized bott"
"Barrell Craft Spirits Rye Batch 4","<cite index=""12-8"">Copper penny with pumpkin highlights</cite>","<cite index=""12-10,12-11,12-12,12-13"">Blackberry, dried apricot and Concord grape lead off. The grape introduces woodsy tones of blonde tobacco, birch oil and dandelion root. Rye lends its familiar bouquet garni, lemon verbena, and peppermint aromatics. Meanwhile an unhurried maturation has produced cashew, tahini and nocino.</cite>","<cite index=""15-8,15-9,15-10"">The first impression mirrors the nose but here grape soda is joined by a dark amber maple syrup. Burnt marshmallow leads into rich espresso and black licorice. There's a deep umami presence of leather, black olive, and grilled onion.</cite>","<cite index=""5-3"">The finish is resinous, developing mastic, rosemary, and lavender.</cite>","Barrell Craft Spirits official"
"Barrell Craft Spirits Whiskey 33 Year","Dark goldenrod","Begins with a gentleness that belies its high strength. Rather, it opens ethereally on concord grape and ozone. Fudge is lifted by the spirit's fresh lager and green grape and grounded in age's paraffin and dusty attic. The finishing casks are seamlessly integrated; the oloroso expanding the complexity with elderberry and walnut shells. French oak pads out the nose with the richness of pistachio ice cream.","Shows its proof now, but beneath it lies a syrupy foundation of grenadine, hazelnut liqueur, and poppyseed. Hay and buttered popcorn typify Canadian whisky's retention of primary grain flavors. The oak displays primary flavors including endive and pine resin.","Deep, mulchy earthiness.","Barrell Craft Spirits"
"Benriach The Smoky Ten 10 Year Single Malt","Bright gold","Ripe orchard fruit syrup, smoked honey glaze and oak spice","Smoked applewood, honey maple and spiced pear finishing with lingering fruit and smoked oak","Lingering fruit and smoked oak","Benriach Distillery / InternetWines.com"
"Blanton's Black Label Single Barrel Bourbon","","<cite index=""17-4"">Soft aromas of caramel, vanilla, honey, and orange peel layered with subtle floral notes, toasted oak, and hints of cinnamon</cite>","<cite index=""17-5"">Smooth and refined, revealing notes of butterscotch, light brown sugar, dried fruit, vanilla cream, and gentle baking spice, complemented by touches of citrus zest and mellow oak</cite>","<cite index=""2-6"">Clean, silky, and well-balanced, leaving lingering notes of soft caramel, light pepper, oak, and delicate sweetness</cite>","OnlineLiquor.com"
"Blanton's Gold","Coppered amber","Honey, heavy rye, dried fruits, vanilla and chocolate","Full and rich, marked by apricot, butter, pepper, light honey and oak","Long, with toffee and apple, developing on pecan and caramel","Virginia ABC"
"Blanton's Green Label Special Reserve Bourbon","Golden amber","Honey, citrus peel, vanilla, light oak, and soft baking spice","Smooth blend of caramel, sweet corn, vanilla cream, and toasted oak with subtle baking spice","Gentle and lingering, with notes of vanilla, light spice, caramel, light pepper, and soft sweetness","Whiskey Caviar, Nestor Liquor, OnlineLiquor.com"
"Blanton's Original Single Barrel Kentucky Straight Bourbon Whiskey","Dark Orange","Creamy vanilla, caramel, butterscotch, baking spices (clove, nutmeg, cinnamon)","Sweet citrus, dried fruit, honey, corn, firm rye backbone, oak","Medium-long with corn, nutmeg, warm spice, citrus, honey notes","Blanton's official website, Wooden Cork, Total Bourbon"
"Blanton's Straight From The Barrel","","<cite index=""12-6"">Dark chocolate, caramel and butter with earthy undertones of walnut and hazelnut</cite>","<cite index=""12-7"">Warm vanilla, oak, toasted nuts and a rich spiciness with hints of butterscotch or honey</cite>","<cite index=""5-1"">Long finish with notes of Red Hots, Mexican hot chocolate, nutmeg, and clove</cite>","Blanton's official website, The Whisky Study"
"Blood Oath Pact No. 11","Deep mahogany","Vanilla, grilled corn, orange zest, honey with a vegetal note","Vanilla, cracked pepper, chili oil, lime, grapefruit and a bit of milk chocolate","Moderate in length, drying with vegetal notes","Whiskey Apostle / Lux Row Distillers"
"Blue Spot","Deep gold","Pineapple, kiwi, green banana, lime zest, pot still spices, baked apple, hazelnut, toasted wood","Smooth mouthfeel with fruit, clove oil, black pepper, sweet spices, vanilla, cinnamon, nutty","Exotic fruits and spices balanced, lasting and palatable","Spotwhiskey official website"
"Bourbon 30 Small Batch 100 Proof Bourbon","","Honey and light black pepper with corn/candy corn and cornbread notes","Thick and oily mouthfeel; creamed corn and powerful spice","Long, oily creamed corn with lingering powerful spice","Whiskey Consensus"
"Bradshaw Bourbon","","Vanilla, toffee, toasted oak, banana, smoky, leathery accent","Baking spices, coconut, vanilla sweetness, rye spice structure","Long, warming, drying oak spices, peppery rye, cocoa, leathery echo","Forbes/Wine & Spirits Wholesalers Association"
"Bradshaw Kentucky Straight Rye","","Fresh cut grass, minerality, wet rock, fresh red cherries","Graham cracker, white pepper, and baked apples, vanilla","Sweet and spicy notes, grassy and floral ending, cinnamon, pepper, menthol","Sip Whiskey (nose/palate), Bourbon Culture (finish)"
"Bruichladdich Octomore 14.2","Rich dark gold","Peat, fig jam, orange peel, caramel, toffee, floral notes","Peat balanced with sweet caramel, vanilla, red fruits, savory, meaty notes","Dark red fruits, raspberry, blackberry, peppery, medium-long","The Whiskey Wash, Secret Whiskey Society, Me My Wife & Whisky"
"Bunnahabhain 18 Year Old Single Malt Scotch Whisky","Rich mahogany gold","Fragrant with notes of dried fruit, rich honeyed nuts, toffee and slight hints of spice","Mellow sherried nuts, dried fruit and rich oak, with toffee and a slight tang of salt","Dry fruit finish with a hint of spice and salt","Bunnahabhain Distillery"
"Bunnahabhain 2004 Mòine Pedro Ximénez Finish 17 Year","","<cite index=""1-2"">Creamy coffee, chocolate and walnuts</cite>","<cite index=""1-3,1-4"">Lots of milk chocolate, caramel and espresso coffee. Honey and some woody spice</cite>","<cite index=""1-5"">Sweet and fresh with some salted grapefruit segments to finish</cite>","Bunnahabhain"
"Bunnahabhain 21 year Cask Strength 2024 Edition","cinnamon","<cite index=""4-7"">Sweet nose with notes of dried fruit, nutmeg spice, honey, caramelised walnuts and a gentle touch of oak</cite>","<cite index=""4-8"">Initial spicy notes of cinnamon and clove fade to reveal grape syrup which coats the palate, with raisins, figs, candied cherries and a hint of liquorice</cite>","<cite index=""4-9"">Lingering spicy finish of toasted coffee and cocoa</cite>","Bunnahabhain Distillery"
"Bushmills 10 Year Private Reserve Bordeaux Cask Irish Whisky","deep amber","Roasted wood, red currants, ripe raspberries, green apple, lemon, vanilla","Crisp green apple, lemon, vanilla, dried fruits, subtle currants, spice","Long, warming, blackberry, cherry, oak, spice","Bushmills official, CaskCartel, ForWhiskeyLovers"
"Bushmills 12 Yo Single Malt Irish","<cite index=""4-17"">bright gold</cite>","<cite index=""4-1,4-2"">sultana, honey, caramelised pear, crisp green apple, vanilla patisserie custard, candied lime, dried apricot</cite>","<cite index=""4-24,4-25"">vanilla patisserie custard, golden syrup, dried apricot, fresh peach, caramelised pineapple, creamy milk chocolate</cite>","<cite index=""6-11"">roasted almonds and dark chocolate</cite>","Whisky For Everyone; Beaumont Drinks"
"Caribou Crossing Single Barrel Canadian Whisky","Golden medium brown","Sweet, light, fruity with notes of orange, vanilla, and caramel with soft oak undertone","Light vanilla and caramel dominate with faintest hint of grain","Clean, soft finish with lingering sweetness and mild spice","Breaking Bourbon, Drink Spirits, Barbank, Liquor Geeks"
"Chemist American Single Malt Whiskey","","Honeyed oak and ripened fruits","Caramel, vanilla, and warm spices","Spicy oak, dark chocolate, and tobacco","Total Wine & More"
"Colonel E.H. Taylor Barrel Proof","Tawny/brown","Aroma of cooked berries followed by a rich caramel and slightly floral smell","Bold and full of spice that fills the mouth with a distinct flavor of toasty vanilla, dried oak and pepper","Long and satisfying with a powerful rye character and lingering hints of fruit","Buffalo Trace Distillery official description"
"Colonel E.H. Taylor Small Batch Bottled In Bond Straight Kentucky Bourbon Whiskey","","Chocolate & molasses, brown sugar, cherry, caramel, cinnamon, orange zest","Explosive candy sweets, molasses, strawberry, apple, cherry, oak, caramel","Creamy start into lingering spice, pepper, tobacco, warming sensation","Amongst the Whiskey, Bourbon By Proxy, Bourbon Banter"
"Colonel E.H. Taylor Straight Rye","","","","","ERROR: Error: JSON did not parse: {
  ""name"": ""Colonel E.H. Taylor Straight Rye"",
  ""colour"": null,
  ""nose"": ""
Aroma full of dried fruit, black pepper and a touch of fresh dill
"",
  ""palate"": ""
An array of flavors both sweet and savo"
"Craigellachie Exceptional Cask Series Single Cask Single Malt","","","","","ERROR: Error: no JSON in the reply. stop_reason=end_turn text=The Craigellachie Exceptional Cask Series includes multiple bottlings of different ages. Since you didn't specify which one, I need to search for whether there's a specific bottling simply called ""Sin"
"Crown Royal Fine De Luxe Blended Canadian Whisky","mid golden amber","Buttery vanilla ice-cream, stewed fruit, caramel with prune, overripe banana, maple syrup","Sweet maple, buttery dry oak with sweetcorn, vanilla, candied fruit, black pepper spice","Cinnamon and black pepper spice, coal dust and buttery oak finish","Difford's Guide"
"Crown Royal Northern Harvest Rye Blended Canadian","","<cite index=""11-1"">Baking spices cereal light wood spices</cite>","<cite index=""11-2"">Gentle oak note rich butterscotch spiced vanilla develops into soft peppery notes</cite>","<cite index=""11-3"">Smooth and creamy</cite>","Spec's Wines, Spirits & Foods"
"Dubliner Steelers Select Limited Edition","<cite index=""8-5"">Warm golden hue from oak barrel maturation</cite>","<cite index=""8-6"">A fragrant mix of caramel, vanilla, rose water, almond slice, and maple sweetness</cite>","<cite index=""8-7"">Smooth, full-bodied flavors of honey, malt, subtle spice, balanced fruitiness, and gentle oak</cite>","<cite index=""8-8"">Satisfying and lingering with notes of vanilla, caramel, and soft toasted oak</cite>","Bottle Stork"
"Elijah Craig Barrel Proof A124","Rich dark amber","Caramel, vanilla, oak, brown sugar, molasses","Oak, vanilla, caramel, spice, brown sugar, maple, leather","Tobacco, mint, cinnamon","The Whiskey Wash"
"End of Days Survivor's Cut Rye","Deep mahogany with golden amber highlights","Inviting and layered with fresh rye bread, soft baking spices, honeyed oak, orange zest, vanilla","Warm and balanced. Cracked pepper, cinnamon, clove, gentle sweetness, creamy texture","Long and dry with oak, spice, toasted grain, and caramel","Seelbach's / End of Days Distillery"
"Evan Williams Master Blend","","Vanilla, caramel, honey, orange pekoe tea","Complex and spicy with cinnamon, black pepper, caramel, vanilla","Long with lingering spices and sweeter notes","Evan Williams/CaskCartel/WhiskyCast"
"Glendronach Port Wood 10 Year","Intense cherry wood","Victoria plum, bramble, strawberry jam with cherry blossom and honeysuckle","Blackberry, roasted apple crumble, gingerbread, baked orange and black cherry","Orange peel, sultana and cherry cake","Glendronach Distillery"
"Glenmorangie Nectar d'Or Sauternes 12 Year","golden","<cite index=""7-1,7-2"">Lemon tart, vanilla, lime, orange zest, sultanas, dates, ginger, coconut</cite>","<cite index=""7-6"">Gingerbread, nutmeg, toasted almonds, meringue, honeycomb</cite>","<cite index=""1-3"">Lemon zest, chocolate, ginger, spice</cite>","Stirling Fine Wines, KL Wines, Wine & Liquor Warehouse"
"Glenmorangie The Lasanta Sherry Cask Finish 12 Year Old Single Malt Scotch Whisky","garnet","Warm spicy aroma with chocolate covered raisins, honeycomb and caramel toffee","Sherry flavoured sultanas, orange, walnuts and butterscotch with warm spices","Long and satisfying with spiced orange and chocolate covered hazelnuts","Glenmorangie official"
"Gold Spot","Gold","Juicy fruits like apples and pears, vanilla, cinnamon, clove","Rich honey sweetness, vanilla, toasted oak, light fruits, apricot, apple","Medium to long with spiced pear and apple notes, lingering dark roasty sweetness","The Whisky Study, The Whiskey Shelf, Secret Whiskey Society"
"Green Spot Leoville Barton Bordeaux Finished Single Pot Still Irish Whiskey","<cite index=""7-3"">Amber with the slightest hint of red wine influence</cite>","<cite index=""4-4,4-5"">French oak drives the initial aroma with crisp woodland notes added to the spicy Pot Still character. The wine seasoning brings a floral perfume and ripe berries to the archetypal orchard fruits</cite>","<cite index=""12-8"">Toffee, green apple, lemon peel, vanilla, redcurrant and warming spice</cite>","<cite index=""12-9"">Long and quite dry with cereal and plenty more spiciness</cite>","Cask Cartel"
"Green Spot Mitchel & Sons 100th Anniversary Edition 10 Year Old Single Pot Still Irish Whiskey","<cite index=""8-4"">Rich golden amber with warm copper undertones and a sunlit, honeyed glow</cite>","<cite index=""1-6,1-7"">Opens with decadent aromas of floral honey, coffee cake, and toffee, layered with autumnal fruits, sweet pear, blackberry, apple, and lifted by herbal notes of lemon verbena and mint. Light dustings of nutmeg add warmth and complexity</cite>","<cite index=""1-8"">A blend of cinnamon, nutmeg, vanilla, dried fruits, and dessert-like flavours of apple crumble are layered over warming cereal notes of barley</cite>","<cite index=""1-9"">A rich and lasting finish, with pot still spices and orchard fruits gently lingering to the end</cite>","Producer tasting notes"
"Green Spot Quail's Gate Pinot Noir Cask Finish Single Pot Still Irish Whiskey","Delicate blush from Pinot Noir casks","Vibrant oak, ripe cherry, juicy raspberry; apple and sweet pear","Silky, sweet, dried cranberries, red apple, clove, nutmeg, oak","Spices punctuate a pleasantly balanced finish","Irish Distillers official notes, Whisky Advocate"
"Heaven Hill Grain To Glass 1st Edition Straight Rye Whiskey","Amber","Rye spice, vanilla, dill, brown sugar, orange clove","Vanilla, rye and baking spices, dill, orange, toasted oak, brown sugar","Long with notes of warm rye spice and sweet toasted oak","Bourbon Bossman, Grain & Vine"
"Heaven Hill Grain to Glass Straight Bourbon Whiskey 1st Edition","Golden amber","Apples and pears with notes of fresh oak","Plentiful orchard fruit with bright floral and spice notes","Slight oaky sweetness with peppery spice","InternetWines.com"
"High N' Wicked The Wild Rover Single Malt Irish Whiskey","","Dark cocoa-dusted chocolate truffles, crème fraiche, slivered almonds","Pancakes with barrel-aged maple syrup and pink peppercorn","Tuiles cookies with pastry cream and kumquat lift","Skurnik Wines & Spirits"
"High West Campfire","Ruddy amber","Butterscotch, shortbread biscuit, sandalwood, jasmine, worn leather, pine resin; gentle smoke and smoldering wood","Vanilla, salted caramel, toasted brioche, red berry compote, chai spices, nutmeg, cinnamon, orange zest, cedar, pipe tobacco","Sweet and smoky with a lingering spice","High West Distillery (official)"
"High West Rendezvous Rye","Golden honey","Orange peel, dried apricots, mint, clove, pine, and caramelized sugar","Bold spice with ginger and cinnamon; underlying sweet notes of molasses, vanilla, macaroon, and toasted oak","Lively rye spice fades away to lingering notes of caramel, orange zest, and tobacco","High West Distillery"
"Highland Park Cask Strength Single Malt Scotch Whisky","Light gold","Toasty with brown sugar and peat","Hot pepper and nutmeg on the front, buttery and rich like dark honey, maple syrup with sea salt","Peat with lemon zest","The Whiskey Wash"
"I.W. Harper 15 Year Old Kentucky Straight Bourbon Whiskey","Mahogany","Lush with fruit aromas, mint chocolate and cinnamon spice, oak and dried fruit","Grain and corn with oak, raisin, caramel, spice, and vanilla","Warm and oaky mouthfeel, long and lasting","I.W. Harper official website, Seelbach's, Caskers"
"Isle of Raasay Dùn Cana Sherry Quarter Cask Release Hebridean Single Malt","Honey gold with hints of red wine","Strong sherry aromas, raisins, dried fruit, fine smoke and sweet spices","Full-bodied and complex with notes of dark chocolate, dates, toffee, oak spice and peatiness","Long-lasting, spicy, fruity and elegantly smoky","Isle of Raasay Distillery / Delicando"
"J. Mattingly Private Barrel Select Bourbon","","","","",""
"J. Mattingly Single Barrel Light Whiskey","","","","",""
"J. Mattingly Small Batch Rye Whiskey Private Barrel Select","","","","",""
"Jack Daniel's Finished in Oloroso Sherry Casks American Single Malt Whiskey","","<cite index=""9-6"">Soft oak, fruit and cocoa</cite>","<cite index=""9-6"">Dark chocolate-covered nuts and berries</cite>","<cite index=""9-6"">Subtle, sweet Oloroso Sherry finish</cite>","Jack Daniel's"
"Jack Daniel's Single Barrel Barrel Proof Rye Barrel Select","","","","","ERROR: Error: no JSON in the reply. stop_reason=end_turn text=The search results show this product varies by single barrel selection. Since proofs range widely (125-145 proof) and tasting notes vary significantly between barrel selections, I cannot provide a sin"
"Jefferson's Ocean Wheated Bourbon","<cite index=""10-6"">Honey copper</cite>","<cite index=""11-1"">Butterscotch, vanilla bean, with a pop of caramel</cite>","<cite index=""10-14"">Corn and vanilla sweetness</cite>; <cite index=""11-2"">toasted caramel, allspice, white pepper, slight sea salt</cite>","<cite index=""10-7"">Delicate and warm with a return of vanilla, cream and toast</cite>","ReserveBar; OHLQ"
"Keeper's Heart Irish + Bourbon Cask Strength","Burnished gold","Sweet aromas of caramel, vanilla, and charred oak from bourbon with earthy pot still notes and orchard fruits","Peppery virgin oak, pot still creaminess and caramelized vanilla sweetness with herbal earthy notes","Black pepper front and center, followed by baking chocolate and roasted nuts","Keeper's Heart official, Wine Enthusiast, Breaking Bourbon"
"Lagavulin 12 Year 2023 Special Release The Ink of Legends","Pale with fierce glints of gold","Sea air, citrus, ripened berries, intense herbal smoke, peat","Sweet citrus, juicy plum, salt, herbal smoke, increasingly smoky finish","Long, salty tang, very smoky, lingering and mouth-cooling","Lagavulin Official & Whisky Advocate"
"Ledaig 18 Year Single Malt Scotch","Copper Gold","Quite salty with a lot of rubbery and plum characteristics. A little bit of sweet cream & a touch of rhubarb. Some pork crackling, sauna notes and also newly polished shoes.","Plenty of peaty/spicy character despite the light texture. This becomes very sticky and tar-like after some time. The saltiness takes over and even resembles Tabasco sauce towards the end.","Like sitting around a bonfire; long and delicately smoky.","Royal Mile Whiskies"
"Ledaig Heroes & Heretics Smoke & Glory Single Sherry Cask 2010 12 Year Single Malt","","","","",""
"10th Street Triple Cask Str Single Malt","Tawny port","Ripe red berries, caramel, toasted oak, dark chocolate, baking spices","Vanilla, dried fruits, toffee, gentle smokiness, spice","Oak, cinnamon, cocoa, long and velvety","10th Street Distillery (producer notes)"
"Limavady Single Barrel Irish Whiskey","Pale amber","Dried fruit aromas and PX sherry cask sweetness","Smooth and balanced with immense fruitiness and a hint of spice","Long lasting, with a balanced bourbon cask sweetness","Celtic Whiskey Shop / Limavady Producer"
"Little Book Chapter 8 Path Not Taken Blended Whisky","","Butterscotch, fresh dill, and toasted rye bread","Floral and sweet apricot, evolving into gingerbread and honey","Peppery bite with cinnamon and citrus aftertaste","The Barrel Tap"
"Macaloney's Caledonian Oaken Poitin","","<cite index=""8-5"">Apricot, papaya, pears, honey, oats and Sherried fruit cake</cite>","<cite index=""8-5,8-6"">Full bodied, creamy and smooth, with cereal and a symphony of floral and fruit notes including roses, honey, nectarine, papaya, apricot, apples & candied orange. Layered into this are red wine, blackcurrant, wood spices and a lingering oak</cite>","<cite index=""8-6"">Lingering oak finish</cite>","Macaloney's Caledonian official tasting notes"
"Macaloney's Searaidh Braiche Single Malt Spirit","","Classic sherried influence that is rich, warm and inviting","Plums, raisins, tropical fruit and wood spices with tannins and oak","Complex with hint of sea salt and sherry and tropical fruit notes","WhiskyBrother"
"Maker's Mark Wood Finishing Series The Heart Release 2024","","Toasted sweetness, stone fruit, cocoa","Brown sugar, maple, spice","Creamy, dark chocolate, long silky finish","Maker's Mark"
"Mi Familia Flores Tequila Anejo Cristalino","","","","","ERROR: Error: no JSON in the reply. stop_reason=end_turn text=I see there are conflicting details about aging in the sources (18 months vs 36 months). Let me search for more specific official information.
Based on my search results, I found information about Mi "
"Nashville Single Barrel Rye","","","","","ERROR: Error: no JSON in the reply. stop_reason=end_turn text=Based on my search results, Nashville Single Barrel Rye is a line of single barrel ryes from Nashville Barrel Company rather than a single specific bottling. The single barrels vary by proof and age. "
"Natterjack Cask Strength","","Aromas of oranges, butterscotch and hints of cloves","Smooth with orange and char, malt, cloves, butterscotch and earthy oak","Warm honeyed finish","Producer (Luekensliquors)"
"Natterjack The Mistake","","Hickory BBQ, toasted walnut, singed cinnamon, seared orange zest","Vanilla bean, warm molasses, toffee, hint of granny smith apple","Warm oak, caramel, aniseed, ginger","Whisky Advocate, Empire Wine, Greene Grape"
"Nelson Brothers Black Brier","","brown sugar, cacao nibs, rolled oats","toffee, pecan, dark cherry","black tea, baking spices, vanilla","Nelson's Green Brier Distillery"
"New Riff Barrel Proof Sherry Finish 6 Year Old Kentucky Straight Malted Rye","","Dark fruits, buttery sherry oak, vanilla","Full-bodied, savory, sappy mouthfeel with malty grain and oak undertones","Clove, wood spice, fruit-forward finish with brightening spices","New Riff Distilling official tasting notes"
"O.K.I. Reserve Batch 1","","Vanilla custard, hints of caramel, honey and white pepper throughout","Semi sweet chocolate, leather, lemon oil, long delicate minty finish","Long delicate minty finish","Seelbach's / Lueken's Liquors"
"O.K.I. Single Barrel Bourbon By The Barrel","","","","",""
"Oban Little Bay Small Cask","<cite index=""13-6"">Rich antique gold</cite>","<cite index=""13-7,13-8"">Oily waxy and nutty balanced by ripe orchard fruits. Notes of almond fruit cake on denser Christmas pudding with cereal and orange behind</cite>","<cite index=""13-11"">The comforting chewiness of rich fruit-bread hints of orange zest and clove growing drier still minty with crisp green apple</cite>","<cite index=""13-12,13-13"">Long. Quite syrupy at first then drying with elegant coating tannins rich in dark chocolate character</cite>","Spec's Wines, Spirits & Foods"
"Old Elk Wheat N Rye","<cite index=""1-4"">golden amber</cite>","<cite index=""1-1"">Spicy, soft, and warm, honey, coriander, green apple, subtle oak, warm bread, graham crackers</cite>","<cite index=""1-8"">Black pepper, honey, marzipan, sweet cherries, maple, oak, hint of green apple</cite>","","The Whiskey Wash"
"Old Forester Statesman Kentucky Straight Bourbon Whiskey","Modest Copper","Devil's food, clove and oak spice with an undercurrent of raw vanilla","Buttery leather is quickly dominated by a bold flash of pepper, cinnamon bark and sharp citrus","Intense spice and eucalyptus which fade into orange cream and caramel","Old Forester"
"Old Man Winter Bourbon From The Black Hills Whiskey","Auburn","Vanilla, caramel, toasted oak with hints of apricot and stone fruit","Rich dark pitted fruits, sweet spice, anisette, caramel, vanilla, chocolate","Sweet baking spice, lingering clove note, warm finish","K&L Wines, Blackwell's Wines, InternetWines.com"
"Orphan Barrel Muckety-Muck","","Bright and sweet, with aromas of lemon meringue pie, caramel sauce, ginger ale","Powdered sugar, vanilla, citrus, lemon curd, snickerdoodle, and light caramel","Thin, citrusy, and cooling, with menthol and Lemon zinger tea","The Whiskey Wash"
"Penelope Barrel Strength Bourbon","","Cherry, raspberry tart, dried orange slices, butterscotch, black pepper, antique closet","Sweet syrup up front, bold flavors of herbs and spice, grain, dusty oak, earthy warehouse floor","","Whisky Advocate (Summer 2020, reviewed by David Fleming)"
"Penelope Four Grain Bourbon","","Balanced corn sweetness, caramel, light oak, syrup, dynamic aroma profile with slight savory notes","Fruit, syrup, candied sweetness, and a savory vanilla note with slight berry and citrus","Slight buttercream (icing) and corn bread finish with a lingering vanilla spice","Penelope Bourbon official product description"
"Powers Rye Irish Whiskey","<cite index=""3-7"">Bright gold</cite>","<cite index=""8-1"">Burnt orange, maraschino cherries, and toffee banana with rich warming notes of freshly baked rye bread, buttered croissants and charred oak</cite>","<cite index=""18-8"">Candied ginger with orange peel, clove spice and peppermint</cite>","<cite index=""3-18,3-19,3-20"">Begins sweetly but becomes spicier and more drying with time. Golden syrup, chocolate and luscious fruitiness fade to give an earthier and robust feel. Cereals and warming peppery spices come to the fore before the drying oak sweeps in right at the end</cite>","Producer (powerswhiskey.com) and Whisky For Everyone"
"Rabbit Hole Dareringer Sherry Cask","<cite index=""1-16"">Deep auburn with a hint of crimson</cite>","<cite index=""3-9"">Sherry and cherry</cite>","<cite index=""3-10"">Raisins and currants coupled with hints of almond and vanilla</cite>","<cite index=""5-2"">Light with a touch of dryness</cite>","Rabbit Hole Distillery, Seelbach's"
"Rabbit Hole Founder's Collection Dareringer","","Custard, walnut, brown sugar and baking spices","Refined and smooth with notes of cinnamon, oak, tobacco and stone fruit with blackcurrant, cherry and lemon","Medium-to-long finish of toffee and pecans with a kiss of light spice","Rabbit Hole Distillery"
"Rampur Trigun Indian Single Malt Travel Exclusive","","Amalgamation of fruity aromas, tropical fruit, crispiness","Mélange of malts, fruity, smooth","","Rampur Distillery official website"
"Redbreast 12 Year Cask Strength Pot Still Irish Whiskey","","Golden sultana, fragrant spice, dried orange slices, star anise, baked apricot, hints of chocolate","Malty coppery pot still with caramel, toffee, bananas foster, light pear and Almond Roca","Exceedingly long, rich complexity of spices and fruit, fading through butterscotch to barley","Distiller's notes, The Whiskey Jug, Don's Liquors & Wine"
"River Roots - ""The Land"" #101","","","","",""
"Rowan's Creek Bourbon","Deep amber","Caramel and vanilla layered on herbal and floral notes","Sweet caramel, vanilla, dusted in floral notes","Oak and a lingering spiciness","Kentucky Bourbon Distillers / InternetWines"
"Smoke Wagon Uncut Unfiltered Straight Bourbon","dark amber","Brown sugar, caramel, toasted oak, vanilla, and baking spice","Full-bodied with layers of toffee, cinnamon, dark fruit, rye spice, and leather","Long, bold, and warming with lingering spice, oak, and sweet caramel","The Barrel Tap"
"Southern Comfort Original","","Vanilla, lemon, oranges, and cinnamon","Cherries, vanilla, simple syrup, and cloves","Short, sweet, a little peaches","Whiskey Apostle; Award Robe of Whisky"
"Standard Proof Cinnamon Spiced Whiskey","","Bright cinnamon","Hint of tamarind along with some toasted wheat","","Bartender Spirits Awards"
"Standard Proof Ginger Root Rye","","","Bold rye whiskey with warm ginger spice","","standardproofwhiskey.com"
"Talisker Distillers Edition Double Matured Amoroso Sherry Cask","Coppery golden","Red fruits, berries and apricots, sea salt, peat","Sweet fruity flavors with sea salt, peat and vanilla","Lingering, elegant with sweet oily smoke and cacao","Caskers/Whiskey Exchange/Difford's Guide"
"Teeling Blackpitts","","BBQ Smoke, Cloves, Butterscotch and Orange Peel","Applewood Smoke, Honey, All Spice, Stewed Pears & Grilled Pineapple","Salted Caramel, Wood & Savory Smoke","Teeling Whiskey official"
"Three Chord Strange Collaboration Kentucky Straight Bourbon Whiskey","<cite index=""4-12"">Glaze doughnut color</cite>","<cite index=""6-7,6-8"">Complex red fruit. Cherry, currant, fresh strawberries and raspberries</cite>","<cite index=""6-9"">Notes of Pinot Noir, followed by oak, spice and vanilla</cite>","<cite index=""9-9"">Copper Red</cite>","Producer and The Bourbon Road"
"Traveller Full Proof Whiskey","Tawny, caramel, amber","Intense and aromatic with amplified notes of deep vanilla, aged stone fruit, and buttery shortbread","Bold and viscous. A massive wave of toasted nut, dark caramel, and spicy oak hits the palate, balanced by a surprising sweetness","Long, warming, and robust with lingering layers of leather, spice, and toasted marshmallow","Nestor Liquor (producer tasting notes)"
"Traverse City Signature Edition Barrel Proof Bourbon","Ruddy copper","Oak, chalky cocoa, dried dark fruit, spiced orange peels, nuts, caramel, sugar cookies","Oak, nut, powdered cocoa, dried dark fruit, spiced orange peels, caramel, subtle leather","Long, oak, dried dark fruit, caramel, sugar cookies","The Bourbon Finder / The Whiskey Jug (producer notes)"
"True Story Finished Bourbon","","<cite index=""8-1,8-2"">Honeysuckle, caramel-dipped apples, and toasted oak with light floral notes</cite>","<cite index=""8-8"">Rich vanilla, dark caramel, and baked spice, elevated with layers of white exotic fruits and floral elegance</cite>","<cite index=""8-10"">Honeyed fruit meets warm oak and a whisper of spice</cite>","True Story Whiskey official website"
"True Story Finished Rye","White matte","Warm baking spices and golden honey, followed by dried fruits, cinnamon, and pepper","Peppery heat from high-rye mash, raisin, fig, dark caramel, warm nutty spice","Spiced oak and dried fruit easing into smooth, honeyed warmth","True Story Whiskey official website"
"Tullamore Dew Special Reserve 12 year","light gold","<cite index=""5-1"">Aromas of early spice followed by red wine while a nice nuttiness follows before a light woody note</cite>","<cite index=""5-2"">Deep spice flavor with a robust yet creamy body cloaked in a definite chocolaty note</cite>","<cite index=""5-10"">Long and rich with some citrus, chocolate, raisins and marzipan all lingering</cite>","Vine Republic"
"Tyrconnell 10 Year Sherry Cask","dark pink","Warm sherry and raisins, orchard fruit, apple, plum, sultanas, roasted nuts","Oak with vanilla, butterscotch, plum, dried apricot, baking spice","Baking spice and whiff of smoke","The Liquor Barn, Wine Enthusiast"
"1792 Small Batch Kentucky Straight Bourbon Whiskey","Caramel","Vanilla, brandied cherries, custard sweetness, dry orange rind, fresh red apples","Intense spice, fresh fruit, crème caramel","Roasted corn, rye spice, hazelnuts, lingering throat warmth","Whisky of the Week, Whiskey for the Ages"
"VDC Goose Island Bourbon County Stout Cask Finish","gold","Brown sugar, coffee beans, honeycomb, cocoa, malty sweetness, hazelnuts","Malty chocolate, citrus, cinnamon, hazelnuts, honey, nutmeg, cocoa, ginger","Dry wood fading to cocoa","Virginia Distillery Company (producer) / Whiskey Reviewer"
"Waterford Cuvee Koffi Irish Whisky","<cite index=""8-5"">Amber gold with light like a coral sunrise</cite>","<cite index=""10-1"">Crisp red apples and rye bran, with mixed herbs, white pepper and lavender</cite>","<cite index=""10-2"">Orange marmalade and chilli chocolate, punctuated by liquorice and biscuits</cite>","<cite index=""8-9"">Long and dry gentle spiciness that lasts and leads to mouth-watering with dried fruits</cite>","Irish Malts and The Umbrella Project"
"Waterford Irish Whisky Sfo Rathclogh","<cite index=""14-3"">A deep gold</cite>","<cite index=""10-14"">Fields and barnyard, black pepper; hay that's ready to be brought in; blackcurrant jam, warm vanilla, butterscotch, honeycomb, citrus zest</cite>","<cite index=""10-15"">Sweet stewed apple, berry compote, pepper, mince pie, black cherries, cocoa</cite>","<cite index=""10-16"">Has warmth with a gentle spice that drifts on with a little butterscotch</cite>","Waterford"
"Weller Single Barrel","Tawny/Brown","Cherry and mint, fading to vanilla","Caramel and baking spices with hints of cocoa","Cinnamon, coffee, and a hint of pepper","Producer (Sazerac/Buffalo Trace)"
"Western Reserve Small Batch Blended Bourbon","","Cedar, floral, brown sugar","Cinnamon, white pepper, bold spice","Lingering warmth with caramel, vanilla spice, oak","Main Street Liquor"
"Widow Jane 10 Year Bourbon","red-brown mahogany","vanilla, cinnamon, nutmeg, cream, oak","sweet cream, vanilla, spiced notes; orange, cherry, maple, almond","lingering oak and spice","Whisky Monster"
"Woodford Reserve Batch Proof","","","Sweet toasted oak, cocoa, juicy pineapple, dried strawberry, spiced berries","Dried strawberry, toasted oak, raw honey","Woodford Reserve"
"Woodford Reserve Blended Malt Sherry Cask Finish 2024 Release","Deep amber with ruby undertones","Dried fruit, raisin, fig, toasted almond, and subtle spice","Roasted coffee, orange oil, raisin, dried fig, hints of tobacco leaf","Sweet toasted malt and dried dark fruit","Woodford Reserve official tasting notes / Whiskey Caviar"
"Woodford Reserve Distillery Series 2024 Blended Malt Whiskey","Orange honey","Raspberry preserves, nutty malt, pumpkin spice, orange peel","Candied nutty malt, raw oak, citrus oils","Fruit-laden finish balanced with allspice","Woodford Reserve official tasting notes"
"Writers' Tears Red Head Irish Whiskey","<cite index=""5-6"">Rich Ruby Red</cite>","<cite index=""6-8"">Orange peel, dried fruits & sherry plums</cite>","<cite index=""6-9"">Nutty Oloroso, spicy raisins & creamy oak</cite>","<cite index=""6-4"">Long & complex with a flourish of orange</cite>","Producer tasting notes"